variant,mae_eur,median_abs_err_eur,mean_signed_err_eur
baseline,2344544.7528988994,385456.82262873044,-1652575.042717915
groupwise_bias_corrected,2663610.201042851,820607.5076927808,313132.37253482017
