variant,mae_eur,median_abs_err_eur,mean_signed_err_eur
baseline,2344544.7528988994,385456.82262873044,-1652575.042717915
bias_corrected,2638887.2593141356,816178.9383346718,242594.55956224888
